,Avg. Test Scores,Last Val. Scores
0,0.677300598738449,0.672269880771637
1,1.0169023871421814,1.6427788734436035
2,1.0164506261547406,0.9541175365447998
3,1.8652195078986031,1.512571930885315
4,0.61274149730092,0.7188295722007751
